﻿<?xml version="1.0" encoding="utf-8" ?>
<codetemplate	xmlns="http://schemas.borland.com/Delphi/2005/codetemplates"
				version="1.0.0">
	<template name="arge" invoke="auto">
		<description>
		TArgument.CheckEnum
		</description>
		<author>                  
		Zuo Baoquan (Paul)
		</author>
		<point name="T">
			<text>
				T
			</text>
			<hint>
				Type
			</hint>
		</point>
		<point name="argument">
			<text>
				argument
			</text>
			<hint>
				Argument
			</hint>
		</point>
		<code language="Delphi" context="methodbody" delimiter="|"><![CDATA[
TArgument.CheckEnum<|T|>(|argument|, '|argument|');|end|]]>
		</code>
	</template>
</codetemplate>
